{"cameraMode":{"drawMode":0,"name":"Shaded","section":"Shading Mode"},"sceneLighting":true,"audioPlay":false,"sceneViewState":{"m_AlwaysRefresh":false,"showFog":true,"showSkybox":true,"showFlares":true,"showImageEffects":true,"showParticleSystems":true,"showVisualEffectGraphs":true,"m_FxEnabled":true},"in2DMode":false,"pivot":{"x":2.97719669342041,"y":-0.3703726530075073,"z":-2.1460413932800295},"rotation":{"x":-0.031145436689257623,"y":0.9686150550842285,"z":-0.16308988630771638,"w":-0.18497751653194428},"size":6.9569172859191898,"orthographic":false}